Episode,Reward,Distance,Success
1,-8.816853597611313,0.03190459664392013,False
